,eval_loss,eval_rouge1,eval_rouge2,eval_rougeL,eval_rougeLsum,eval_gen_len,eval_runtime,eval_samples_per_second,eval_steps_per_second,epoch,test_set,train_set
0,1.8809133768081665,29.7665,12.3183,26.1264,28.8989,18.66,15.2237,6.569,0.854,10.0,std-dia,combined_dataset
1,2.1812870502471924,31.3851,12.2592,27.4832,30.4854,18.95,15.3533,6.513,0.847,10.0,aus,combined_dataset
2,2.7965574264526367,26.4739,7.997,22.9539,25.6177,18.46,14.9752,6.678,0.868,10.0,hon,combined_dataset
3,2.3684868812561035,30.0533,10.4181,26.5662,29.0674,18.86,15.5188,6.444,0.838,10.0,nig,combined_dataset
4,2.122570514678955,29.383,10.55,24.9296,28.2667,18.96,15.7106,6.365,0.827,10.0,col,combined_dataset
5,2.481393337249756,28.6504,8.4752,24.8358,27.6161,18.8,15.082,6.63,0.862,10.0,wel,combined_dataset
6,2.023733377456665,28.1166,10.1366,23.5628,26.9295,18.62,15.5324,6.438,0.837,10.0,chi,combined_dataset
7,2.3420839309692383,27.0826,9.0722,23.5643,26.3302,18.62,15.5421,6.434,0.836,10.0,iri,combined_dataset
8,2.411780834197998,25.7012,7.2278,21.2734,24.4264,18.5,15.7657,6.343,0.825,10.0,pak,combined_dataset
